,k,x[1],x[2],x[3],e,e_suc
0,1,1.3333333333333333,1.222222222222222,0.9259259259259258,0.33333333333333326,0.0
1,2,0.9259259259259259,1.0493827160493827,0.9835390946502056,0.07407407407407407,0.22222222222222227
2,3,0.9835390946502057,1.0109739368998627,0.9963420210333789,0.016460905349794275,0.2222222222222227
3,4,0.9963420210333791,1.0024386526444138,0.9991871157851953,0.0036579789666209006,0.2222222222222192
4,5,0.9991871157851954,1.0005419228098698,0.9998193590633766,0.0008128842148046322,0.22222222222221885
5,6,0.9998193590633767,1.0001204272910822,0.9999598575696391,0.00018064093662328862,0.22222222222226776
6,7,0.9999598575696392,1.0000267616202405,0.9999910794599197,4.014243036076781e-05,0.2222222222224271
7,8,0.9999910794599198,1.00000594702672,0.9999980176577599,8.920540080170625e-06,0.2222222222222222
8,9,0.99999801765776,1.0000013215614934,0.9999995594795021,1.982342240025581e-06,0.22222222222083937
9,10,0.9999995594795021,1.0000002936803318,0.999999902106556,4.4052049785747727e-07,0.2222222222595593
